{"cameraMode":{"drawMode":0,"name":"Shaded","section":"Shading Mode"},"sceneLighting":true,"audioPlay":false,"sceneViewState":{"showFog":true,"showMaterialUpdate":true,"showSkybox":true,"showFlares":true,"showImageEffects":true,"showParticleSystems":true},"in2DMode":false,"pivot":{"x":79.317626953125,"y":29.678936004638673,"z":148.13949584960938},"rotation":{"x":-0.15168187022209168,"y":0.11447826027870178,"z":-0.017689242959022523,"w":-0.9816199541091919},"size":185.79428100585938,"orthographic":false}